invoice_id,date,time,price_lek
1,2024-07-01,08:08,1100
2,2024-07-01,08:11,3270
3,2024-07-01,08:11,1280
4,2024-07-01,08:12,1520
5,2024-07-01,08:14,2280
6,2024-07-01,08:17,1220
7,2024-07-01,08:20,2370
8,2024-07-01,08:23,3490
9,2024-07-01,08:35,910
10,2024-07-01,08:41,1110
11,2024-07-01,08:42,2920
12,2024-07-01,08:46,970
13,2024-07-01,08:46,2140
14,2024-07-01,08:57,2380
15,2024-07-01,09:07,1200
16,2024-07-01,09:14,1470
17,2024-07-01,09:20,2950
18,2024-07-01,09:23,2250
19,2024-07-01,09:23,3070
20,2024-07-01,09:29,2440
21,2024-07-01,09:33,890
22,2024-07-01,09:43,1110
23,2024-07-01,09:44,1740
24,2024-07-01,09:49,3020
25,2024-07-01,10:08,1540
26,2024-07-01,11:17,2470
27,2024-07-01,11:44,1920
28,2024-07-01,12:31,1410
29,2024-07-01,12:32,1900
30,2024-07-01,12:32,2350
31,2024-07-01,12:35,1440
32,2024-07-01,12:42,1910
33,2024-07-01,12:43,2280
34,2024-07-01,12:51,1420
35,2024-07-01,12:57,810
36,2024-07-01,12:58,3270
37,2024-07-01,13:02,1600
38,2024-07-01,13:03,2820
39,2024-07-01,13:07,3450
40,2024-07-01,13:27,1490
41,2024-07-01,13:28,1520
42,2024-07-01,13:31,3360
43,2024-07-01,13:40,950
44,2024-07-01,13:50,3390
45,2024-07-01,13:55,1300
46,2024-07-01,14:04,1110
47,2024-07-01,14:09,2630
48,2024-07-01,14:18,1560
49,2024-07-01,14:21,3040
50,2024-07-01,14:22,3440
51,2024-07-01,14:24,1280
52,2024-07-01,14:27,2860
53,2024-07-01,15:17,1500
54,2024-07-01,16:24,3430
55,2024-07-01,16:54,2140
56,2024-07-01,17:28,1660
57,2024-07-02,08:08,2190
58,2024-07-02,08:16,2210
59,2024-07-02,08:29,2590
60,2024-07-02,08:42,3300
61,2024-07-02,08:48,2340
62,2024-07-02,08:49,2680
63,2024-07-02,08:49,2100
64,2024-07-02,08:52,1300
65,2024-07-02,09:05,3490
66,2024-07-02,09:32,2870
67,2024-07-02,09:34,1110
68,2024-07-02,09:38,2530
69,2024-07-02,09:41,2020
70,2024-07-02,09:43,2720
71,2024-07-02,09:46,2170
72,2024-07-02,09:51,2530
73,2024-07-02,09:57,2630
74,2024-07-02,09:58,2910
75,2024-07-02,09:59,1330
76,2024-07-02,10:22,2290
77,2024-07-02,11:00,950
78,2024-07-02,11:01,1320
79,2024-07-02,12:31,1000
80,2024-07-02,12:37,1360
81,2024-07-02,12:39,1200
82,2024-07-02,12:42,1400
83,2024-07-02,12:42,1170
84,2024-07-02,12:44,1670
85,2024-07-02,12:44,3290
86,2024-07-02,12:46,940
87,2024-07-02,12:47,1610
88,2024-07-02,12:51,1020
89,2024-07-02,12:51,2620
90,2024-07-02,12:52,1700
91,2024-07-02,12:54,3310
92,2024-07-02,12:56,2330
93,2024-07-02,13:07,3000
94,2024-07-02,13:09,1330
95,2024-07-02,13:14,2390
96,2024-07-02,13:14,1490
97,2024-07-02,13:30,1150
98,2024-07-02,13:34,2260
99,2024-07-02,13:42,2660
100,2024-07-02,13:44,1120
101,2024-07-02,13:51,3480
102,2024-07-02,13:57,1740
103,2024-07-02,14:04,2410
104,2024-07-02,14:22,3330
105,2024-07-02,14:23,2050
106,2024-07-02,14:25,1040
107,2024-07-02,14:25,1570
108,2024-07-02,15:26,1260
109,2024-07-02,16:11,1240
110,2024-07-02,17:07,870
111,2024-07-03,08:01,930
112,2024-07-03,08:07,2570
113,2024-07-03,08:16,2320
114,2024-07-03,08:29,2340
115,2024-07-03,08:31,1750
116,2024-07-03,08:41,830
117,2024-07-03,08:41,3240
118,2024-07-03,08:50,2580
119,2024-07-03,08:50,1930
120,2024-07-03,08:55,1340
121,2024-07-03,08:57,2680
122,2024-07-03,08:57,910
123,2024-07-03,09:05,1850
124,2024-07-03,09:13,2940
125,2024-07-03,09:15,2660
126,2024-07-03,09:19,1630
127,2024-07-03,09:20,3500
128,2024-07-03,09:21,1250
129,2024-07-03,09:21,2140
130,2024-07-03,09:30,1250
131,2024-07-03,09:35,3400
132,2024-07-03,09:39,2100
133,2024-07-03,09:46,2400
134,2024-07-03,09:46,2320
135,2024-07-03,09:52,1560
136,2024-07-03,12:31,1070
137,2024-07-03,12:36,1570
138,2024-07-03,12:46,1920
139,2024-07-03,12:47,2930
140,2024-07-03,12:56,2650
141,2024-07-03,13:25,1070
142,2024-07-03,13:34,2870
143,2024-07-03,13:40,820
144,2024-07-03,14:03,2850
145,2024-07-03,14:05,1100
146,2024-07-03,14:08,1950
147,2024-07-03,14:11,3360
148,2024-07-03,14:29,2010
149,2024-07-03,15:02,2610
150,2024-07-03,15:18,2510
151,2024-07-03,16:02,1430
152,2024-07-03,16:10,1040
153,2024-07-04,08:00,2580
154,2024-07-04,08:03,1720
155,2024-07-04,08:07,1890
156,2024-07-04,08:17,1820
157,2024-07-04,08:18,2680
158,2024-07-04,08:20,1990
159,2024-07-04,08:29,1860
160,2024-07-04,08:32,1260
161,2024-07-04,08:35,2990
162,2024-07-04,08:38,1810
163,2024-07-04,08:39,1890
164,2024-07-04,08:59,2940
165,2024-07-04,09:06,3170
166,2024-07-04,09:07,2010
167,2024-07-04,09:08,2760
168,2024-07-04,09:18,2120
169,2024-07-04,09:20,2220
170,2024-07-04,09:22,3380
171,2024-07-04,09:24,3020
172,2024-07-04,09:28,1130
173,2024-07-04,09:28,930
174,2024-07-04,09:29,2080
175,2024-07-04,09:39,950
176,2024-07-04,09:46,3240
177,2024-07-04,09:48,1120
178,2024-07-04,09:50,1580
179,2024-07-04,09:51,1930
180,2024-07-04,09:54,1140
181,2024-07-04,10:02,3310
182,2024-07-04,12:47,3470
183,2024-07-04,12:50,2280
184,2024-07-04,12:51,2180
185,2024-07-04,13:23,1520
186,2024-07-04,13:34,1020
187,2024-07-04,13:37,2580
188,2024-07-04,13:39,3200
189,2024-07-04,14:00,1580
190,2024-07-04,14:05,3070
191,2024-07-04,14:05,2170
192,2024-07-04,14:06,3180
193,2024-07-04,16:07,1290
194,2024-07-04,17:09,1450
195,2024-07-05,08:01,2480
196,2024-07-05,08:10,2860
197,2024-07-05,08:13,1760
198,2024-07-05,08:13,1960
199,2024-07-05,08:17,2800
200,2024-07-05,08:17,2460
201,2024-07-05,08:18,2750
202,2024-07-05,08:24,3260
203,2024-07-05,08:29,1640
204,2024-07-05,08:32,2440
205,2024-07-05,08:33,2930
206,2024-07-05,08:34,2590
207,2024-07-05,08:35,1190
208,2024-07-05,08:38,1590
209,2024-07-05,08:45,2470
210,2024-07-05,08:47,1130
211,2024-07-05,08:48,3470
212,2024-07-05,08:54,1170
213,2024-07-05,08:54,2190
214,2024-07-05,09:06,930
215,2024-07-05,09:08,1820
216,2024-07-05,09:10,2120
217,2024-07-05,09:17,950
218,2024-07-05,09:19,2820
219,2024-07-05,09:23,1000
220,2024-07-05,09:29,2070
221,2024-07-05,09:33,1510
222,2024-07-05,09:43,3270
223,2024-07-05,09:43,1690
224,2024-07-05,09:46,1590
225,2024-07-05,09:51,2000
226,2024-07-05,09:53,1580
227,2024-07-05,12:36,2590
228,2024-07-05,12:41,1500
229,2024-07-05,12:56,3150
230,2024-07-05,12:58,2060
231,2024-07-05,13:05,1450
232,2024-07-05,13:11,3070
233,2024-07-05,13:28,1940
234,2024-07-05,13:30,2160
235,2024-07-05,13:48,1060
236,2024-07-05,13:56,1830
237,2024-07-05,14:12,880
238,2024-07-05,14:16,3010
239,2024-07-05,14:19,2000
240,2024-07-05,14:21,3030
241,2024-07-05,14:28,3300
242,2024-07-05,15:30,2360
243,2024-07-05,17:20,1040
244,2024-07-06,08:13,3350
245,2024-07-06,08:16,2780
246,2024-07-06,08:40,1110
247,2024-07-06,08:45,1800
248,2024-07-06,08:51,2130
249,2024-07-06,08:52,1590
250,2024-07-06,08:57,2710
251,2024-07-06,09:07,1050
252,2024-07-06,09:19,2630
253,2024-07-06,09:28,3280
254,2024-07-06,09:36,2790
255,2024-07-06,09:54,3070
256,2024-07-06,11:23,1300
257,2024-07-06,11:25,1130
258,2024-07-06,12:33,2730
259,2024-07-06,12:36,940
260,2024-07-06,12:37,1580
261,2024-07-06,12:41,2820
262,2024-07-06,12:45,2760
263,2024-07-06,12:48,2350
264,2024-07-06,12:49,2030
265,2024-07-06,12:52,1040
266,2024-07-06,13:01,3490
267,2024-07-06,13:16,1690
268,2024-07-06,14:10,1150
269,2024-07-06,14:20,2330
270,2024-07-06,14:21,2350
271,2024-07-06,14:22,2210
272,2024-07-06,14:23,1490
273,2024-07-06,15:11,2820
274,2024-07-06,16:30,2150
275,2024-07-06,17:12,1060
276,2024-07-06,17:13,1300
277,2024-07-06,17:33,1880
278,2024-07-07,08:07,1750
279,2024-07-07,08:09,3490
280,2024-07-07,08:13,2500
281,2024-07-07,08:22,2710
282,2024-07-07,08:28,1530
283,2024-07-07,08:36,3020
284,2024-07-07,09:06,1620
285,2024-07-07,09:06,2470
286,2024-07-07,09:13,2390
287,2024-07-07,09:16,3490
288,2024-07-07,09:30,2670
289,2024-07-07,09:33,1410
290,2024-07-07,09:44,1300
291,2024-07-07,09:59,950
292,2024-07-07,11:50,2080
293,2024-07-07,12:39,2160
294,2024-07-07,12:44,3260
295,2024-07-07,13:01,1800
296,2024-07-07,13:05,2990
297,2024-07-07,13:07,1090
298,2024-07-07,13:30,1220
299,2024-07-07,13:36,2220
300,2024-07-07,13:44,1160
301,2024-07-07,13:52,1420
302,2024-07-07,14:09,2900
303,2024-07-07,14:10,980
304,2024-07-07,14:18,1270
305,2024-07-07,14:30,1620
306,2024-07-07,15:46,2930
307,2024-07-07,15:59,2260
308,2024-07-07,16:06,1640
309,2024-07-07,16:29,2830
310,2024-07-08,08:06,3190
311,2024-07-08,08:09,2250
312,2024-07-08,08:10,2020
313,2024-07-08,08:11,1940
314,2024-07-08,08:11,1090
315,2024-07-08,08:15,2030
316,2024-07-08,08:15,1380
317,2024-07-08,08:21,3280
318,2024-07-08,08:28,1700
319,2024-07-08,08:34,1640
320,2024-07-08,08:34,1180
321,2024-07-08,08:45,2980
322,2024-07-08,08:45,2490
323,2024-07-08,08:48,880
324,2024-07-08,09:01,1910
325,2024-07-08,09:01,2150
326,2024-07-08,09:12,1330
327,2024-07-08,09:23,3090
328,2024-07-08,09:28,1470
329,2024-07-08,09:29,1860
330,2024-07-08,09:34,2000
331,2024-07-08,09:38,2490
332,2024-07-08,09:38,1730
333,2024-07-08,09:40,1310
334,2024-07-08,09:49,2830
335,2024-07-08,09:56,3340
336,2024-07-08,09:59,3160
337,2024-07-08,11:29,940
338,2024-07-08,11:34,1560
339,2024-07-08,12:30,1480
340,2024-07-08,12:40,1000
341,2024-07-08,12:51,2460
342,2024-07-08,12:51,2120
343,2024-07-08,12:54,1750
344,2024-07-08,12:58,2690
345,2024-07-08,13:14,1460
346,2024-07-08,13:22,1620
347,2024-07-08,13:26,3390
348,2024-07-08,13:43,860
349,2024-07-08,13:45,1040
350,2024-07-08,14:00,2840
351,2024-07-08,14:06,1000
352,2024-07-08,14:08,3200
353,2024-07-08,14:17,1890
354,2024-07-08,14:18,2940
355,2024-07-08,14:24,1040
356,2024-07-08,14:25,1180
357,2024-07-08,14:28,990
358,2024-07-08,15:22,2790
359,2024-07-08,16:25,1410
360,2024-07-08,17:33,1880
361,2024-07-09,08:03,2280
362,2024-07-09,08:04,970
363,2024-07-09,08:04,3480
364,2024-07-09,08:08,840
365,2024-07-09,08:09,850
366,2024-07-09,08:17,1200
367,2024-07-09,08:21,1790
368,2024-07-09,08:21,2560
369,2024-07-09,08:34,3250
370,2024-07-09,08:36,1950
371,2024-07-09,08:38,1500
372,2024-07-09,08:57,960
373,2024-07-09,09:02,810
374,2024-07-09,09:06,3310
375,2024-07-09,09:06,1600
376,2024-07-09,09:09,2270
377,2024-07-09,09:20,1320
378,2024-07-09,09:42,2990
379,2024-07-09,09:42,2590
380,2024-07-09,09:48,1920
381,2024-07-09,09:52,1760
382,2024-07-09,10:29,1990
383,2024-07-09,11:16,2260
384,2024-07-09,12:42,3010
385,2024-07-09,12:46,2460
386,2024-07-09,12:53,1170
387,2024-07-09,12:53,2320
388,2024-07-09,13:11,2880
389,2024-07-09,13:13,2320
390,2024-07-09,13:24,3200
391,2024-07-09,13:24,1140
392,2024-07-09,13:59,2380
393,2024-07-09,14:00,2000
394,2024-07-09,14:02,2380
395,2024-07-09,14:14,2700
396,2024-07-09,14:18,2570
397,2024-07-09,14:21,2330
398,2024-07-09,14:22,1730
399,2024-07-09,14:22,3150
400,2024-07-09,14:24,1250
401,2024-07-09,14:30,1260
402,2024-07-09,14:30,2150
403,2024-07-09,16:01,1180
404,2024-07-09,17:34,1880
405,2024-07-10,08:02,2090
406,2024-07-10,08:05,1080
407,2024-07-10,08:14,1340
408,2024-07-10,08:16,1450
409,2024-07-10,08:20,1300
410,2024-07-10,08:27,3420
411,2024-07-10,08:40,1500
412,2024-07-10,08:41,1500
413,2024-07-10,08:42,3440
414,2024-07-10,08:50,2640
415,2024-07-10,08:59,1220
416,2024-07-10,08:59,860
417,2024-07-10,09:04,1310
418,2024-07-10,09:13,3010
419,2024-07-10,09:19,3340
420,2024-07-10,09:26,1700
421,2024-07-10,09:30,2690
422,2024-07-10,09:39,1140
423,2024-07-10,09:44,2650
424,2024-07-10,09:47,1850
425,2024-07-10,09:49,2270
426,2024-07-10,09:53,1910
427,2024-07-10,09:55,1490
428,2024-07-10,09:58,2820
429,2024-07-10,12:34,3130
430,2024-07-10,12:35,810
431,2024-07-10,12:41,1310
432,2024-07-10,12:42,3000
433,2024-07-10,12:45,1300
434,2024-07-10,12:46,930
435,2024-07-10,13:01,2080
436,2024-07-10,13:24,3150
437,2024-07-10,13:46,1890
438,2024-07-10,13:47,1470
439,2024-07-10,13:50,860
440,2024-07-10,14:08,1780
441,2024-07-10,14:10,2110
442,2024-07-10,14:11,860
443,2024-07-10,14:15,2560
444,2024-07-10,14:19,3420
445,2024-07-10,14:21,2270
446,2024-07-10,14:21,1410
447,2024-07-10,14:21,1330
448,2024-07-10,14:26,2370
449,2024-07-10,14:29,3050
450,2024-07-10,15:15,3270
451,2024-07-11,08:02,1550
452,2024-07-11,08:10,950
453,2024-07-11,08:24,980
454,2024-07-11,08:25,1080
455,2024-07-11,08:30,2210
456,2024-07-11,08:32,2450
457,2024-07-11,08:34,2090
458,2024-07-11,08:42,2290
459,2024-07-11,08:43,1420
460,2024-07-11,08:45,2090
461,2024-07-11,08:46,1630
462,2024-07-11,08:54,1010
463,2024-07-11,09:01,1540
464,2024-07-11,09:06,3200
465,2024-07-11,09:12,2350
466,2024-07-11,09:16,1040
467,2024-07-11,09:19,2790
468,2024-07-11,09:36,2750
469,2024-07-11,09:40,3210
470,2024-07-11,09:40,2120
471,2024-07-11,09:49,2010
472,2024-07-11,09:52,1190
473,2024-07-11,09:53,1490
474,2024-07-11,09:59,810
475,2024-07-11,12:31,2200
476,2024-07-11,12:31,2440
477,2024-07-11,12:36,1900
478,2024-07-11,12:54,3010
479,2024-07-11,12:57,1920
480,2024-07-11,13:03,1820
481,2024-07-11,13:20,2900
482,2024-07-11,13:24,3320
483,2024-07-11,13:24,2520
484,2024-07-11,13:26,1990
485,2024-07-11,13:32,2690
486,2024-07-11,13:33,2350
487,2024-07-11,13:43,3220
488,2024-07-11,13:48,3460
489,2024-07-11,13:59,2500
490,2024-07-11,14:13,3100
491,2024-07-11,14:15,3190
492,2024-07-11,14:21,2280
493,2024-07-11,15:38,2230
494,2024-07-11,16:16,1760
495,2024-07-11,17:48,2470
496,2024-07-12,08:00,850
497,2024-07-12,08:02,2860
498,2024-07-12,08:04,2150
499,2024-07-12,08:06,2670
500,2024-07-12,08:15,880
501,2024-07-12,08:19,970
502,2024-07-12,08:22,1990
503,2024-07-12,08:22,840
504,2024-07-12,08:26,2660
505,2024-07-12,08:36,2030
506,2024-07-12,08:39,3290
507,2024-07-12,08:44,2670
508,2024-07-12,08:54,3470
509,2024-07-12,08:56,2920
510,2024-07-12,09:00,2920
511,2024-07-12,09:01,1400
512,2024-07-12,09:04,2480
513,2024-07-12,09:06,2570
514,2024-07-12,09:10,2260
515,2024-07-12,09:29,860
516,2024-07-12,09:30,1890
517,2024-07-12,09:31,2750
518,2024-07-12,09:50,1420
519,2024-07-12,10:03,830
520,2024-07-12,10:39,3310
521,2024-07-12,11:53,820
522,2024-07-12,12:34,1550
523,2024-07-12,12:35,2700
524,2024-07-12,12:38,1410
525,2024-07-12,12:43,1780
526,2024-07-12,12:46,990
527,2024-07-12,12:46,1350
528,2024-07-12,12:50,1260
529,2024-07-12,12:50,2820
530,2024-07-12,12:51,2270
531,2024-07-12,12:59,1250
532,2024-07-12,13:05,2660
533,2024-07-12,13:08,970
534,2024-07-12,13:10,860
535,2024-07-12,13:11,940
536,2024-07-12,13:14,3480
537,2024-07-12,13:15,2890
538,2024-07-12,13:23,3100
539,2024-07-12,13:30,2360
540,2024-07-12,13:32,1080
541,2024-07-12,13:49,1090
542,2024-07-12,14:00,3400
543,2024-07-12,14:01,1680
544,2024-07-12,14:02,1250
545,2024-07-12,14:09,2850
546,2024-07-12,14:10,2660
547,2024-07-12,14:29,3280
548,2024-07-12,17:25,3230
549,2024-07-13,08:04,2900
550,2024-07-13,08:15,3450
551,2024-07-13,08:24,1180
552,2024-07-13,08:38,2090
553,2024-07-13,08:54,2820
554,2024-07-13,08:57,1410
555,2024-07-13,08:59,2220
556,2024-07-13,09:04,2520
557,2024-07-13,09:14,3220
558,2024-07-13,09:35,1980
559,2024-07-13,09:38,2110
560,2024-07-13,09:40,1010
561,2024-07-13,09:47,1600
562,2024-07-13,09:50,2570
563,2024-07-13,09:59,1070
564,2024-07-13,10:29,2640
565,2024-07-13,12:47,2390
566,2024-07-13,12:55,2730
567,2024-07-13,12:57,3200
568,2024-07-13,13:02,1750
569,2024-07-13,13:15,1160
570,2024-07-13,13:22,3150
571,2024-07-13,13:56,3480
572,2024-07-13,14:19,1760
573,2024-07-13,14:21,1530
574,2024-07-13,14:22,900
575,2024-07-13,15:08,1190
576,2024-07-13,15:30,2620
577,2024-07-13,15:56,2570
578,2024-07-14,08:09,1220
579,2024-07-14,08:10,1080
580,2024-07-14,08:39,3110
581,2024-07-14,08:41,2960
582,2024-07-14,08:56,3300
583,2024-07-14,08:58,3400
584,2024-07-14,08:58,2620
585,2024-07-14,09:10,2700
586,2024-07-14,09:12,1460
587,2024-07-14,09:25,1480
588,2024-07-14,09:27,2770
589,2024-07-14,09:30,3090
590,2024-07-14,09:36,2620
591,2024-07-14,09:40,3230
592,2024-07-14,09:54,3430
593,2024-07-14,10:04,920
594,2024-07-14,12:49,1890
595,2024-07-14,13:01,3020
596,2024-07-14,13:19,1320
597,2024-07-14,13:26,920
598,2024-07-14,13:31,1920
599,2024-07-14,13:36,3480
600,2024-07-14,14:02,2410
601,2024-07-14,14:22,3240
602,2024-07-14,16:51,1080
603,2024-07-15,08:01,2570
604,2024-07-15,08:07,2430
605,2024-07-15,08:10,1440
606,2024-07-15,08:16,2090
607,2024-07-15,08:16,3240
608,2024-07-15,08:23,1840
609,2024-07-15,08:24,1210
610,2024-07-15,08:45,1170
611,2024-07-15,08:48,1140
612,2024-07-15,08:51,1950
613,2024-07-15,08:54,1840
614,2024-07-15,08:54,2650
615,2024-07-15,09:01,1950
616,2024-07-15,09:03,1930
617,2024-07-15,09:05,1240
618,2024-07-15,09:09,2830
619,2024-07-15,09:14,2570
620,2024-07-15,09:18,2990
621,2024-07-15,09:24,3270
622,2024-07-15,09:45,1470
623,2024-07-15,09:48,970
624,2024-07-15,09:51,2630
625,2024-07-15,09:57,1120
626,2024-07-15,11:59,1370
627,2024-07-15,12:41,1140
628,2024-07-15,12:51,2820
629,2024-07-15,12:51,900
630,2024-07-15,12:55,1230
631,2024-07-15,12:58,2790
632,2024-07-15,13:51,1880
633,2024-07-15,13:52,3260
634,2024-07-15,14:03,3410
635,2024-07-15,14:03,1240
636,2024-07-15,14:20,1290
637,2024-07-15,14:21,3020
638,2024-07-15,14:24,1830
639,2024-07-15,14:24,2230
640,2024-07-15,14:25,3440
641,2024-07-15,15:04,2890
642,2024-07-15,16:02,800
643,2024-07-15,16:22,1590
644,2024-07-15,16:44,3460
645,2024-07-15,16:48,1470
646,2024-07-16,08:01,2260
647,2024-07-16,08:05,2610
648,2024-07-16,08:07,1560
649,2024-07-16,08:11,2600
650,2024-07-16,08:13,1150
651,2024-07-16,08:24,1330
652,2024-07-16,08:24,2260
653,2024-07-16,08:27,1700
654,2024-07-16,08:38,1690
655,2024-07-16,08:52,3280
656,2024-07-16,08:54,1750
657,2024-07-16,09:05,1920
658,2024-07-16,09:05,820
659,2024-07-16,09:06,990
660,2024-07-16,09:13,1760
661,2024-07-16,09:17,1530
662,2024-07-16,09:25,2780
663,2024-07-16,09:28,3240
664,2024-07-16,09:35,3290
665,2024-07-16,09:35,2480
666,2024-07-16,09:41,1780
667,2024-07-16,09:41,2630
668,2024-07-16,09:47,1190
669,2024-07-16,09:48,1320
670,2024-07-16,11:19,2590
671,2024-07-16,11:57,2350
672,2024-07-16,11:59,2260
673,2024-07-16,12:44,3460
674,2024-07-16,12:44,820
675,2024-07-16,12:48,3080
676,2024-07-16,12:49,2180
677,2024-07-16,13:09,2040
678,2024-07-16,13:14,3290
679,2024-07-16,13:24,2020
680,2024-07-16,13:27,2640
681,2024-07-16,13:28,2280
682,2024-07-16,13:38,1820
683,2024-07-16,13:50,2210
684,2024-07-16,13:56,2330
685,2024-07-16,14:13,1020
686,2024-07-16,14:21,3100
687,2024-07-16,14:25,2830
688,2024-07-16,14:25,2730
689,2024-07-16,14:28,2280
690,2024-07-16,15:44,2160
691,2024-07-16,16:14,2020
692,2024-07-16,17:48,2230
693,2024-07-17,08:06,2910
694,2024-07-17,08:10,2500
695,2024-07-17,08:15,1790
696,2024-07-17,08:22,2620
697,2024-07-17,08:25,3260
698,2024-07-17,08:28,970
699,2024-07-17,08:32,1730
700,2024-07-17,08:35,1840
701,2024-07-17,08:47,1210
702,2024-07-17,08:51,940
703,2024-07-17,08:51,1600
704,2024-07-17,09:07,860
705,2024-07-17,09:07,1800
706,2024-07-17,09:08,3140
707,2024-07-17,09:09,3450
708,2024-07-17,09:12,1820
709,2024-07-17,09:27,2150
710,2024-07-17,09:30,1690
711,2024-07-17,09:31,2350
712,2024-07-17,09:32,2780
713,2024-07-17,09:34,1400
714,2024-07-17,09:35,2580
715,2024-07-17,09:39,1200
716,2024-07-17,09:41,1460
717,2024-07-17,09:47,1280
718,2024-07-17,09:51,1770
719,2024-07-17,09:58,900
720,2024-07-17,10:25,860
721,2024-07-17,11:03,2070
722,2024-07-17,11:33,3420
723,2024-07-17,12:31,2380
724,2024-07-17,12:43,3060
725,2024-07-17,12:46,2100
726,2024-07-17,12:48,1260
727,2024-07-17,12:52,1820
728,2024-07-17,12:53,2880
729,2024-07-17,12:55,2550
730,2024-07-17,13:14,2920
731,2024-07-17,13:20,1080
732,2024-07-17,13:25,2290
733,2024-07-17,13:26,2570
734,2024-07-17,13:34,980
735,2024-07-17,13:37,2420
736,2024-07-17,13:37,1590
737,2024-07-17,13:47,3110
738,2024-07-17,14:02,1390
739,2024-07-17,14:05,1090
740,2024-07-17,14:05,2800
741,2024-07-17,14:07,2700
742,2024-07-17,14:08,2150
743,2024-07-17,14:20,2570
744,2024-07-17,14:20,1600
745,2024-07-17,14:24,2380
746,2024-07-17,14:27,2210
747,2024-07-18,08:02,1560
748,2024-07-18,08:03,1350
749,2024-07-18,08:06,3290
750,2024-07-18,08:07,2930
751,2024-07-18,08:18,2830
752,2024-07-18,08:21,3300
753,2024-07-18,08:22,1250
754,2024-07-18,08:26,3310
755,2024-07-18,08:33,830
756,2024-07-18,08:39,2250
757,2024-07-18,08:45,3300
758,2024-07-18,08:48,2370
759,2024-07-18,08:57,2880
760,2024-07-18,08:58,3330
761,2024-07-18,08:58,2630
762,2024-07-18,09:00,2560
763,2024-07-18,09:11,2970
764,2024-07-18,09:12,1140
765,2024-07-18,09:24,1970
766,2024-07-18,09:29,3070
767,2024-07-18,09:39,1550
768,2024-07-18,09:45,1010
769,2024-07-18,09:56,1030
770,2024-07-18,10:15,1170
771,2024-07-18,10:49,2200
772,2024-07-18,11:28,1470
773,2024-07-18,11:47,1300
774,2024-07-18,12:35,1110
775,2024-07-18,12:41,2990
776,2024-07-18,12:46,2790
777,2024-07-18,12:48,2520
778,2024-07-18,12:54,2760
779,2024-07-18,12:54,2710
780,2024-07-18,12:58,3100
781,2024-07-18,13:01,3400
782,2024-07-18,13:07,1290
783,2024-07-18,13:10,2210
784,2024-07-18,13:11,1640
785,2024-07-18,13:14,2540
786,2024-07-18,13:18,1470
787,2024-07-18,13:19,1280
788,2024-07-18,13:22,1050
789,2024-07-18,13:34,2400
790,2024-07-18,13:38,980
791,2024-07-18,13:50,1050
792,2024-07-18,13:55,2160
793,2024-07-18,14:04,960
794,2024-07-18,14:06,2310
795,2024-07-18,14:08,2940
796,2024-07-18,14:10,3470
797,2024-07-18,14:24,3260
798,2024-07-18,15:22,2090
799,2024-07-18,16:51,950
800,2024-07-18,17:19,960
801,2024-07-19,08:14,820
802,2024-07-19,08:15,2640
803,2024-07-19,08:16,3050
804,2024-07-19,08:16,920
805,2024-07-19,08:20,2770
806,2024-07-19,08:24,2870
807,2024-07-19,08:28,2740
808,2024-07-19,08:35,1370
809,2024-07-19,08:51,3230
810,2024-07-19,09:03,1460
811,2024-07-19,09:08,1440
812,2024-07-19,09:09,950
813,2024-07-19,09:10,1740
814,2024-07-19,09:15,1910
815,2024-07-19,09:16,2800
816,2024-07-19,09:22,2500
817,2024-07-19,09:24,1760
818,2024-07-19,09:24,1690
819,2024-07-19,09:26,1320
820,2024-07-19,09:31,2610
821,2024-07-19,09:32,930
822,2024-07-19,09:33,3200
823,2024-07-19,09:35,2000
824,2024-07-19,09:49,2110
825,2024-07-19,09:50,2920
826,2024-07-19,09:59,3150
827,2024-07-19,10:05,1570
828,2024-07-19,10:10,2190
829,2024-07-19,10:18,3450
830,2024-07-19,11:25,1620
831,2024-07-19,11:29,950
832,2024-07-19,11:56,2770
833,2024-07-19,11:59,1030
834,2024-07-19,12:30,1440
835,2024-07-19,12:31,2770
836,2024-07-19,12:39,1250
837,2024-07-19,12:48,1840
838,2024-07-19,12:49,1760
839,2024-07-19,12:50,2420
840,2024-07-19,12:54,1600
841,2024-07-19,12:56,1670
842,2024-07-19,13:04,2110
843,2024-07-19,13:04,3300
844,2024-07-19,13:09,3090
845,2024-07-19,13:17,3220
846,2024-07-19,13:24,2790
847,2024-07-19,13:32,2890
848,2024-07-19,13:33,2270
849,2024-07-19,13:39,2970
850,2024-07-19,13:40,2950
851,2024-07-19,14:10,2700
852,2024-07-19,14:21,2740
853,2024-07-19,14:27,2360
854,2024-07-19,14:28,2410
855,2024-07-19,14:30,2040
856,2024-07-19,15:07,1610
857,2024-07-19,15:08,1990
858,2024-07-19,16:11,3340
859,2024-07-20,08:11,2680
860,2024-07-20,08:18,2630
861,2024-07-20,08:22,2880
862,2024-07-20,08:39,1400
863,2024-07-20,08:57,1370
864,2024-07-20,09:01,2000
865,2024-07-20,09:01,1170
866,2024-07-20,09:03,1180
867,2024-07-20,09:10,1380
868,2024-07-20,09:14,2880
869,2024-07-20,09:15,2650
870,2024-07-20,09:16,1680
871,2024-07-20,09:25,1330
872,2024-07-20,09:26,970
873,2024-07-20,09:31,1270
874,2024-07-20,09:35,2590
875,2024-07-20,09:49,1160
876,2024-07-20,09:59,2480
877,2024-07-20,10:27,1550
878,2024-07-20,12:47,2130
879,2024-07-20,13:01,3010
880,2024-07-20,13:02,3430
881,2024-07-20,13:03,2000
882,2024-07-20,13:13,3030
883,2024-07-20,13:28,2250
884,2024-07-20,13:33,1620
885,2024-07-20,13:34,930
886,2024-07-20,14:04,2770
887,2024-07-20,14:05,2360
888,2024-07-20,14:12,2960
889,2024-07-20,14:21,3350
890,2024-07-20,16:33,2950
891,2024-07-20,17:06,1390
892,2024-07-20,17:09,2970
893,2024-07-21,08:22,1150
894,2024-07-21,08:46,2650
895,2024-07-21,08:50,2840
896,2024-07-21,09:01,2000
897,2024-07-21,09:13,3180
898,2024-07-21,09:22,2350
899,2024-07-21,09:30,1160
900,2024-07-21,09:35,3260
901,2024-07-21,09:40,990
902,2024-07-21,09:46,1580
903,2024-07-21,09:56,2480
904,2024-07-21,11:49,1050
905,2024-07-21,12:31,2090
906,2024-07-21,12:39,1030
907,2024-07-21,12:40,1950
908,2024-07-21,12:47,1320
909,2024-07-21,12:50,1760
910,2024-07-21,12:52,2950
911,2024-07-21,12:58,2090
912,2024-07-21,13:05,2060
913,2024-07-21,13:41,1510
914,2024-07-21,13:45,2410
915,2024-07-21,14:15,1880
916,2024-07-21,17:05,2760
917,2024-07-21,17:49,3230
918,2024-07-22,08:00,3030
919,2024-07-22,08:03,3290
920,2024-07-22,08:03,2820
921,2024-07-22,08:16,1720
922,2024-07-22,08:40,1580
923,2024-07-22,08:44,970
924,2024-07-22,08:46,2550
925,2024-07-22,08:50,1960
926,2024-07-22,08:51,2100
927,2024-07-22,08:53,3020
928,2024-07-22,08:54,2750
929,2024-07-22,08:55,2090
930,2024-07-22,08:56,1550
931,2024-07-22,09:06,2020
932,2024-07-22,09:08,2160
933,2024-07-22,09:12,1070
934,2024-07-22,09:17,1780
935,2024-07-22,09:20,1820
936,2024-07-22,09:20,2580
937,2024-07-22,09:22,2540
938,2024-07-22,09:22,2350
939,2024-07-22,09:27,3240
940,2024-07-22,09:29,2800
941,2024-07-22,09:38,2230
942,2024-07-22,09:46,2170
943,2024-07-22,09:53,3240
944,2024-07-22,09:57,890
945,2024-07-22,10:35,880
946,2024-07-22,10:39,2120
947,2024-07-22,12:33,3160
948,2024-07-22,12:45,1620
949,2024-07-22,12:46,1120
950,2024-07-22,12:53,3280
951,2024-07-22,13:02,2150
952,2024-07-22,13:21,1740
953,2024-07-22,13:30,1950
954,2024-07-22,13:35,1160
955,2024-07-22,13:38,1490
956,2024-07-22,13:44,1360
957,2024-07-22,14:01,2090
958,2024-07-22,14:05,1930
959,2024-07-22,14:07,3040
960,2024-07-22,14:08,3190
961,2024-07-22,14:11,2830
962,2024-07-22,14:11,2080
963,2024-07-22,14:12,1070
964,2024-07-22,14:15,2170
965,2024-07-22,14:18,840
966,2024-07-22,14:27,3270
967,2024-07-22,14:30,990
968,2024-07-22,15:14,900
969,2024-07-22,15:28,1770
970,2024-07-23,08:09,1100
971,2024-07-23,08:13,3410
972,2024-07-23,08:15,2710
973,2024-07-23,08:18,2410
974,2024-07-23,08:28,2610
975,2024-07-23,08:31,1660
976,2024-07-23,08:40,2670
977,2024-07-23,08:42,1670
978,2024-07-23,08:46,1730
979,2024-07-23,08:50,1550
980,2024-07-23,08:50,2010
981,2024-07-23,08:51,3050
982,2024-07-23,08:55,1610
983,2024-07-23,08:57,3140
984,2024-07-23,09:00,1050
985,2024-07-23,09:01,1080
986,2024-07-23,09:10,920
987,2024-07-23,09:13,2730
988,2024-07-23,09:28,2400
989,2024-07-23,09:49,1630
990,2024-07-23,09:51,1310
991,2024-07-23,09:55,1260
992,2024-07-23,09:58,2750
993,2024-07-23,10:09,1700
994,2024-07-23,10:23,1690
995,2024-07-23,10:27,2420
996,2024-07-23,10:31,2810
997,2024-07-23,10:34,3380
998,2024-07-23,11:17,2160
999,2024-07-23,11:36,880
1000,2024-07-23,12:31,1520
1001,2024-07-23,12:31,2210
1002,2024-07-23,12:32,1400
1003,2024-07-23,12:36,1250
1004,2024-07-23,12:39,1750
1005,2024-07-23,12:40,1450
1006,2024-07-23,12:40,2020
1007,2024-07-23,12:41,2540
1008,2024-07-23,12:48,2800
1009,2024-07-23,12:51,1820
1010,2024-07-23,12:54,1950
1011,2024-07-23,13:01,1560
1012,2024-07-23,13:07,1290
1013,2024-07-23,13:33,3310
1014,2024-07-23,13:39,3450
1015,2024-07-23,13:52,1260
1016,2024-07-23,13:53,1560
1017,2024-07-23,14:02,3300
1018,2024-07-23,14:02,1420
1019,2024-07-23,14:13,1650
1020,2024-07-23,16:02,1370
1021,2024-07-23,16:52,1360
1022,2024-07-24,08:01,1080
1023,2024-07-24,08:15,1440
1024,2024-07-24,08:35,2210
1025,2024-07-24,08:48,1400
1026,2024-07-24,08:48,1840
1027,2024-07-24,08:59,2570
1028,2024-07-24,09:12,2680
1029,2024-07-24,09:12,3280
1030,2024-07-24,09:12,3350
1031,2024-07-24,09:19,1790
1032,2024-07-24,09:29,1940
1033,2024-07-24,09:31,1330
1034,2024-07-24,09:34,1510
1035,2024-07-24,09:36,1260
1036,2024-07-24,09:39,1710
1037,2024-07-24,09:53,2980
1038,2024-07-24,09:56,1410
1039,2024-07-24,12:41,2440
1040,2024-07-24,12:43,1660
1041,2024-07-24,12:45,2160
1042,2024-07-24,12:50,1030
1043,2024-07-24,12:53,2300
1044,2024-07-24,13:14,1930
1045,2024-07-24,13:26,2980
1046,2024-07-24,13:31,840
1047,2024-07-24,13:35,2720
1048,2024-07-24,13:37,3370
1049,2024-07-24,13:52,2710
1050,2024-07-24,13:59,1910
1051,2024-07-24,14:02,3290
1052,2024-07-24,14:05,3010
1053,2024-07-24,14:06,1950
1054,2024-07-24,14:08,2180
1055,2024-07-24,14:10,2900
1056,2024-07-24,14:11,1830
1057,2024-07-24,14:22,3020
1058,2024-07-24,14:25,1000
1059,2024-07-24,14:26,1990
1060,2024-07-24,14:27,1620
1061,2024-07-24,14:28,2630
1062,2024-07-24,15:06,3060
1063,2024-07-24,15:56,1510
1064,2024-07-24,16:01,1850
1065,2024-07-24,16:43,3130
1066,2024-07-25,08:04,2020
1067,2024-07-25,08:06,1050
1068,2024-07-25,08:13,3160
1069,2024-07-25,08:24,1540
1070,2024-07-25,08:24,2130
1071,2024-07-25,08:25,2560
1072,2024-07-25,08:30,1990
1073,2024-07-25,08:33,2240
1074,2024-07-25,08:34,1480
1075,2024-07-25,08:37,1860
1076,2024-07-25,08:41,2910
1077,2024-07-25,08:42,950
1078,2024-07-25,08:46,1020
1079,2024-07-25,08:48,2100
1080,2024-07-25,08:52,2290
1081,2024-07-25,09:00,1330
1082,2024-07-25,09:09,1460
1083,2024-07-25,09:19,1760
1084,2024-07-25,09:22,2830
1085,2024-07-25,09:28,910
1086,2024-07-25,09:31,990
1087,2024-07-25,09:31,2220
1088,2024-07-25,09:39,930
1089,2024-07-25,09:42,1540
1090,2024-07-25,09:44,1370
1091,2024-07-25,09:47,1080
1092,2024-07-25,09:47,1530
1093,2024-07-25,09:50,2680
1094,2024-07-25,09:54,1780
1095,2024-07-25,09:57,2050
1096,2024-07-25,12:32,1580
1097,2024-07-25,12:35,1320
1098,2024-07-25,12:36,1470
1099,2024-07-25,12:40,990
1100,2024-07-25,12:43,800
1101,2024-07-25,12:44,1280
1102,2024-07-25,12:55,1440
1103,2024-07-25,13:07,2600
1104,2024-07-25,13:13,2320
1105,2024-07-25,13:14,1600
1106,2024-07-25,13:19,3410
1107,2024-07-25,13:28,1930
1108,2024-07-25,13:28,2150
1109,2024-07-25,13:29,1960
1110,2024-07-25,13:30,2010
1111,2024-07-25,13:32,1070
1112,2024-07-25,14:12,1250
1113,2024-07-25,14:13,3440
1114,2024-07-25,14:14,3270
1115,2024-07-25,14:19,1280
1116,2024-07-25,14:24,1060
1117,2024-07-25,15:32,1070
1118,2024-07-25,17:25,1350
1119,2024-07-26,08:01,2500
1120,2024-07-26,08:02,1400
1121,2024-07-26,08:11,1220
1122,2024-07-26,08:15,2320
1123,2024-07-26,08:19,3250
1124,2024-07-26,08:26,1870
1125,2024-07-26,08:26,930
1126,2024-07-26,08:47,1460
1127,2024-07-26,08:49,3040
1128,2024-07-26,08:58,2000
1129,2024-07-26,09:00,2380
1130,2024-07-26,09:02,2990
1131,2024-07-26,09:03,3140
1132,2024-07-26,09:06,1740
1133,2024-07-26,09:09,1960
1134,2024-07-26,09:13,850
1135,2024-07-26,09:24,2100
1136,2024-07-26,09:28,900
1137,2024-07-26,09:28,2750
1138,2024-07-26,09:37,870
1139,2024-07-26,09:42,2950
1140,2024-07-26,09:47,2530
1141,2024-07-26,09:48,3020
1142,2024-07-26,09:54,2580
1143,2024-07-26,09:56,2910
1144,2024-07-26,11:10,2010
1145,2024-07-26,12:31,2180
1146,2024-07-26,12:39,880
1147,2024-07-26,12:41,3130
1148,2024-07-26,12:42,2450
1149,2024-07-26,12:46,1300
1150,2024-07-26,12:47,1830
1151,2024-07-26,12:54,950
1152,2024-07-26,13:01,3330
1153,2024-07-26,13:07,3060
1154,2024-07-26,13:18,2310
1155,2024-07-26,13:23,1630
1156,2024-07-26,13:45,3430
1157,2024-07-26,13:47,1250
1158,2024-07-26,13:50,2440
1159,2024-07-26,14:08,1120
1160,2024-07-26,14:10,1110
1161,2024-07-26,14:20,1100
1162,2024-07-26,14:25,1140
1163,2024-07-26,15:43,1980
1164,2024-07-26,17:30,1620
1165,2024-07-27,08:00,3410
1166,2024-07-27,08:14,2620
1167,2024-07-27,08:25,2610
1168,2024-07-27,09:00,2600
1169,2024-07-27,09:10,2880
1170,2024-07-27,09:11,2570
1171,2024-07-27,09:34,1250
1172,2024-07-27,09:38,2210
1173,2024-07-27,09:43,2800
1174,2024-07-27,09:51,1540
1175,2024-07-27,09:52,1830
1176,2024-07-27,09:53,830
1177,2024-07-27,09:56,2290
1178,2024-07-27,09:57,3110
1179,2024-07-27,09:57,3270
1180,2024-07-27,11:52,1830
1181,2024-07-27,12:31,3130
1182,2024-07-27,12:42,2140
1183,2024-07-27,12:44,1190
1184,2024-07-27,12:49,1010
1185,2024-07-27,13:16,980
1186,2024-07-27,13:21,1390
1187,2024-07-27,13:29,3500
1188,2024-07-27,13:35,3290
1189,2024-07-27,14:20,2130
1190,2024-07-27,14:23,2580
1191,2024-07-27,14:25,1770
1192,2024-07-27,14:25,2880
1193,2024-07-27,14:27,3250
1194,2024-07-27,16:00,1140
1195,2024-07-27,16:24,1390
1196,2024-07-27,17:23,2370
1197,2024-07-28,08:22,1700
1198,2024-07-28,08:26,3100
1199,2024-07-28,08:51,2320
1200,2024-07-28,09:00,1820
1201,2024-07-28,09:07,1170
1202,2024-07-28,09:15,3230
1203,2024-07-28,09:33,1310
1204,2024-07-28,09:35,900
1205,2024-07-28,09:36,2840
1206,2024-07-28,09:42,3480
1207,2024-07-28,09:57,3420
1208,2024-07-28,10:58,1480
1209,2024-07-28,11:33,3450
1210,2024-07-28,11:44,1180
1211,2024-07-28,12:32,810
1212,2024-07-28,12:57,2520
1213,2024-07-28,13:03,900
1214,2024-07-28,13:47,2870
1215,2024-07-28,13:57,2340
1216,2024-07-28,14:02,810
1217,2024-07-28,14:13,2430
1218,2024-07-28,14:14,1340
1219,2024-07-28,14:15,960
1220,2024-07-28,14:25,1870
1221,2024-07-28,16:44,1250
1222,2024-07-29,08:00,980
1223,2024-07-29,08:00,1140
1224,2024-07-29,08:05,2280
1225,2024-07-29,08:10,1310
1226,2024-07-29,08:15,2830
1227,2024-07-29,08:15,1660
1228,2024-07-29,08:24,3030
1229,2024-07-29,08:24,2520
1230,2024-07-29,08:27,3490
1231,2024-07-29,08:29,1740
1232,2024-07-29,08:30,1940
1233,2024-07-29,08:31,3490
1234,2024-07-29,08:31,2960
1235,2024-07-29,08:33,2040
1236,2024-07-29,08:51,2510
1237,2024-07-29,08:53,2590
1238,2024-07-29,09:17,900
1239,2024-07-29,09:17,960
1240,2024-07-29,09:31,1410
1241,2024-07-29,09:38,1030
1242,2024-07-29,09:52,1310
1243,2024-07-29,09:59,1970
1244,2024-07-29,10:45,1660
1245,2024-07-29,12:36,1680
1246,2024-07-29,13:06,2010
1247,2024-07-29,13:13,2870
1248,2024-07-29,13:14,1710
1249,2024-07-29,13:16,1440
1250,2024-07-29,13:20,2760
1251,2024-07-29,13:23,1120
1252,2024-07-29,13:38,3090
1253,2024-07-29,13:38,2440
1254,2024-07-29,13:42,870
1255,2024-07-29,13:46,2900
1256,2024-07-29,13:47,2110
1257,2024-07-29,14:05,2370
1258,2024-07-29,14:06,2720
1259,2024-07-29,14:07,800
1260,2024-07-29,14:09,2720
1261,2024-07-29,14:23,2560
1262,2024-07-29,14:23,1360
1263,2024-07-29,14:30,3290
1264,2024-07-29,15:48,2030
1265,2024-07-29,16:05,2230
1266,2024-07-29,16:38,950
1267,2024-07-29,17:03,1960
1268,2024-07-29,17:43,2130
1269,2024-07-30,08:01,1840
1270,2024-07-30,08:03,3310
1271,2024-07-30,08:04,1240
1272,2024-07-30,08:12,3470
1273,2024-07-30,08:27,3490
1274,2024-07-30,08:36,2060
1275,2024-07-30,08:37,2550
1276,2024-07-30,08:43,1620
1277,2024-07-30,08:43,2610
1278,2024-07-30,08:48,1360
1279,2024-07-30,08:55,1170
1280,2024-07-30,09:15,1460
1281,2024-07-30,09:22,1890
1282,2024-07-30,09:25,2470
1283,2024-07-30,09:27,2320
1284,2024-07-30,09:28,3060
1285,2024-07-30,09:29,2430
1286,2024-07-30,09:36,1590
1287,2024-07-30,09:44,2030
1288,2024-07-30,09:44,2840
1289,2024-07-30,09:52,2790
1290,2024-07-30,09:56,2450
1291,2024-07-30,09:56,1420
1292,2024-07-30,09:56,3370
1293,2024-07-30,11:48,1620
1294,2024-07-30,12:37,2320
1295,2024-07-30,12:40,1060
1296,2024-07-30,12:43,2840
1297,2024-07-30,12:44,1960
1298,2024-07-30,12:50,2650
1299,2024-07-30,12:51,1630
1300,2024-07-30,12:55,3260
1301,2024-07-30,12:56,1200
1302,2024-07-30,13:26,3180
1303,2024-07-30,13:32,1200
1304,2024-07-30,13:53,1150
1305,2024-07-30,13:59,1940
1306,2024-07-30,14:00,2300
1307,2024-07-30,14:09,2650
1308,2024-07-30,14:19,1190
1309,2024-07-30,14:27,3330
1310,2024-07-30,14:29,840
1311,2024-07-30,14:30,1440
1312,2024-07-30,15:02,940
1313,2024-07-30,16:01,2430
1314,2024-07-31,08:02,3350
1315,2024-07-31,08:08,970
1316,2024-07-31,08:10,3160
1317,2024-07-31,08:12,2120
1318,2024-07-31,08:12,1000
1319,2024-07-31,08:12,1850
1320,2024-07-31,08:17,3480
1321,2024-07-31,08:21,3100
1322,2024-07-31,08:24,2550
1323,2024-07-31,08:25,2890
1324,2024-07-31,08:29,1230
1325,2024-07-31,08:30,2070
1326,2024-07-31,08:38,1370
1327,2024-07-31,08:39,3220
1328,2024-07-31,08:48,2360
1329,2024-07-31,09:08,800
1330,2024-07-31,09:16,1620
1331,2024-07-31,09:30,2210
1332,2024-07-31,09:36,1120
1333,2024-07-31,09:43,1910
1334,2024-07-31,09:46,1360
1335,2024-07-31,09:47,940
1336,2024-07-31,09:52,2120
1337,2024-07-31,09:59,2340
1338,2024-07-31,12:38,3410
1339,2024-07-31,12:41,3230
1340,2024-07-31,12:47,3370
1341,2024-07-31,12:51,2550
1342,2024-07-31,12:54,2460
1343,2024-07-31,12:58,1610
1344,2024-07-31,13:08,1070
1345,2024-07-31,13:11,3490
1346,2024-07-31,13:25,2360
1347,2024-07-31,13:37,3380
1348,2024-07-31,13:37,1860
1349,2024-07-31,13:41,2260
1350,2024-07-31,13:45,2700
1351,2024-07-31,13:53,1050
1352,2024-07-31,14:21,1800
1353,2024-07-31,14:24,2020
1354,2024-07-31,16:30,1800
1355,2024-07-31,17:24,1240
